{
	"attribs": {
		"Position": { "size": 3, "type": "float", "stride": 12, "offset": 0 }
	},
	"buffer":
	[
		1.000000, -1.000000, -1.000000, 
		-1.000000, -0.333258, -1.000000, 
		1.000000, -0.298718, -1.000000, 
		1.000000, 1.000000, -1.000000, 
		-1.000000, 1.000000, 0.062318, 
		1.000000, 1.000000, 0.062318, 
		-1.091315, 0.379706, 0.580548, 
		-1.000000, 1.000000, 0.578156, 
		-1.000000, 0.347935, 0.578156, 
		1.091315, -1.091316, 0.580548, 
		-1.000000, -1.000000, 0.578156, 
		1.000000, -1.000000, 0.578156, 
		1.091315, -0.329150, 0.580548, 
		1.000000, -1.000000, 0.578156, 
		1.000000, -0.298718, 0.578156, 
		1.000000, -0.298718, 0.578156, 
		1.000000, -1.000000, 0.062318, 
		1.000000, -0.298718, 0.062318, 
		1.000000, -1.000000, 0.578156, 
		-1.000000, -1.000000, 0.062318, 
		1.000000, -1.000000, 0.062318, 
		-1.000000, -1.000000, -1.000000, 
		-1.000000, 1.000000, 0.578156, 
		-1.000000, -1.000000, 0.578156, 
		1.000000, 1.000000, 0.578156, 
		-1.091315, 1.091316, 0.580548, 
		1.091316, 1.091315, 0.580548, 
		1.000000, -1.000000, 0.062318, 
		-1.000000, -1.000000, -1.000000, 
		1.000000, -1.000000, -1.000000, 
		1.000000, -0.298718, 0.062318, 
		1.000000, -1.000000, -1.000000, 
		1.000000, -0.298718, -1.000000, 
		1.000000, 1.000000, 0.062318, 
		-1.000000, 1.000000, 0.578156, 
		1.000000, 1.000000, 0.578156, 
		1.000000, 0.347934, 0.578156, 
		1.000000, -0.298718, 0.062318, 
		1.000000, 0.347934, 0.062318, 
		1.000000, 0.347934, 0.578156, 
		1.091315, -0.329150, 0.580548, 
		1.000000, -0.298718, 0.578156, 
		-1.000000, -1.000000, 0.578156, 
		-1.091315, -0.363689, 0.580548, 
		-1.000000, -0.333258, 0.578156, 
		1.000000, -0.298718, -1.000000, 
		-1.000000, 0.347935, -1.000000, 
		1.000000, 0.347934, -1.000000, 
		1.000000, 1.000000, -1.000000, 
		-1.000000, 0.347935, -1.000000, 
		-1.000000, 1.000000, -1.000000, 
		1.000000, 1.000000, 0.578156, 
		1.091315, 0.379706, 0.580548, 
		1.000000, 0.347934, 0.578156, 
		1.000000, 1.000000, 0.578156, 
		1.000000, 0.347934, 0.062318, 
		1.000000, 1.000000, 0.062318, 
		1.000000, 1.000000, 0.062318, 
		1.000000, 0.347934, -1.000000, 
		1.000000, 1.000000, -1.000000, 
		-1.091315, -0.363689, 0.580548, 
		-1.000000, 0.347935, 0.578156, 
		-1.000000, -0.333258, 0.578156, 
		1.000000, -1.000000, -1.000000, 
		-1.000000, -1.000000, -1.000000, 
		-1.000000, -0.333258, -1.000000, 
		1.000000, 1.000000, -1.000000, 
		-1.000000, 1.000000, -1.000000, 
		-1.000000, 1.000000, 0.062318, 
		-1.091315, 0.379706, 0.580548, 
		-1.091315, 1.091316, 0.580548, 
		-1.000000, 1.000000, 0.578156, 
		1.091315, -1.091316, 0.580548, 
		-1.091316, -1.091315, 0.580548, 
		-1.000000, -1.000000, 0.578156, 
		1.091315, -0.329150, 0.580548, 
		1.091315, -1.091316, 0.580548, 
		1.000000, -1.000000, 0.578156, 
		1.000000, -0.298718, 0.578156, 
		1.000000, -1.000000, 0.578156, 
		1.000000, -1.000000, 0.062318, 
		1.000000, -1.000000, 0.578156, 
		-1.000000, -1.000000, 0.578156, 
		-1.000000, -1.000000, 0.062318, 
		-1.000000, -1.000000, -1.000000, 
		-1.000000, 1.000000, -1.000000, 
		-1.000000, 1.000000, 0.578156, 
		1.000000, 1.000000, 0.578156, 
		-1.000000, 1.000000, 0.578156, 
		-1.091315, 1.091316, 0.580548, 
		1.000000, -1.000000, 0.062318, 
		-1.000000, -1.000000, 0.062318, 
		-1.000000, -1.000000, -1.000000, 
		1.000000, -0.298718, 0.062318, 
		1.000000, -1.000000, 0.062318, 
		1.000000, -1.000000, -1.000000, 
		1.000000, 1.000000, 0.062318, 
		-1.000000, 1.000000, 0.062318, 
		-1.000000, 1.000000, 0.578156, 
		1.000000, 0.347934, 0.578156, 
		1.000000, -0.298718, 0.578156, 
		1.000000, -0.298718, 0.062318, 
		1.000000, 0.347934, 0.578156, 
		1.091315, 0.379706, 0.580548, 
		1.091315, -0.329150, 0.580548, 
		-1.000000, -1.000000, 0.578156, 
		-1.091316, -1.091315, 0.580548, 
		-1.091315, -0.363689, 0.580548, 
		1.000000, -0.298718, -1.000000, 
		-1.000000, -0.333258, -1.000000, 
		-1.000000, 0.347935, -1.000000, 
		1.000000, 1.000000, -1.000000, 
		1.000000, 0.347934, -1.000000, 
		-1.000000, 0.347935, -1.000000, 
		1.000000, 1.000000, 0.578156, 
		1.091316, 1.091315, 0.580548, 
		1.091315, 0.379706, 0.580548, 
		1.000000, 1.000000, 0.578156, 
		1.000000, 0.347934, 0.578156, 
		1.000000, 0.347934, 0.062318, 
		1.000000, 1.000000, 0.062318, 
		1.000000, 0.347934, 0.062318, 
		1.000000, 0.347934, -1.000000, 
		-1.091315, -0.363689, 0.580548, 
		-1.091315, 0.379706, 0.580548, 
		-1.000000, 0.347935, 0.578156, 
		1.000000, -0.298718, -1.000000, 
		1.041486, -0.298718, 0.062318, 
		1.000000, -0.298718, 0.062318, 
		1.041486, 0.347934, 0.062318, 
		1.041486, -0.298718, -1.000000, 
		1.041486, 0.347934, -1.000000, 
		1.000000, 0.347934, 0.062318, 
		1.041486, 0.347934, -1.000000, 
		1.000000, 0.347934, -1.000000, 
		1.000000, 0.347934, -1.000000, 
		1.041486, -0.298718, -1.000000, 
		1.000000, -0.298718, -1.000000, 
		1.000000, -0.298718, 0.062318, 
		1.041486, 0.347934, 0.062318, 
		1.000000, 0.347934, 0.062318, 
		1.000000, -0.298718, -1.000000, 
		1.041486, -0.298718, -1.000000, 
		1.041486, -0.298718, 0.062318, 
		1.041486, 0.347934, 0.062318, 
		1.041486, -0.298718, 0.062318, 
		1.041486, -0.298718, -1.000000, 
		1.041486, 0.347934, 0.062318, 
		1.041486, 0.347934, -1.000000, 
		1.041486, -0.298718, 0.062318, 
		1.091315, -1.091316, 0.865780, 
		-1.091316, -1.091315, 0.580548, 
		1.091315, -1.091316, 0.580548, 
		-1.091316, -1.091315, 0.865780, 
		1.091316, 1.091315, 0.865780, 
		-1.091315, 1.091315, 0.865780, 
		1.091316, 1.091315, 0.580548, 
		-1.091315, 1.091315, 0.865780, 
		1.091316, 1.091315, 0.865780, 
		-1.091315, 1.091315, 0.865780, 
		-1.091316, -1.091315, 0.580548, 
		-1.091316, -1.091315, 0.865780, 
		1.091316, 1.091315, 0.865780, 
		1.091315, -1.091316, 0.580548, 
		1.091316, 1.091315, 0.580548, 
		1.091315, -1.091316, 0.865780, 
		-1.091316, -1.091315, 0.865780, 
		-1.091316, -1.091315, 0.580548, 
		-1.091316, -1.091315, 0.865780, 
		1.091315, -1.091316, 0.865780, 
		1.091316, 1.091315, 0.865780, 
		1.091316, 1.091315, 0.580548, 
		-1.091315, 1.091316, 0.580548, 
		-1.091315, 1.091315, 0.865780, 
		-1.091315, 1.091315, 0.865780, 
		-1.091315, 1.091316, 0.580548, 
		-1.091316, -1.091315, 0.580548, 
		1.091316, 1.091315, 0.865780, 
		1.091315, -1.091316, 0.865780, 
		1.091315, -1.091316, 0.580548
	],
	"indices":
	[
		2, 1, 0, 5, 4, 3, 		8, 7, 6, 11, 10, 9, 		14, 13, 12, 17, 16, 15, 		20, 19, 18, 23, 22, 21, 		26, 25, 24, 29, 28, 27, 		32, 31, 30, 35, 34, 33, 		38, 37, 36, 41, 40, 39, 		44, 43, 42, 47, 46, 45, 		50, 49, 48, 53, 52, 51, 		56, 55, 54, 59, 58, 57, 		62, 61, 60, 65, 64, 63, 		68, 67, 66, 71, 70, 69, 		74, 73, 72, 77, 76, 75, 		80, 79, 78, 83, 82, 81, 		86, 85, 84, 89, 88, 87, 		92, 91, 90, 95, 94, 93, 		98, 97, 96, 101, 100, 99, 		104, 103, 102, 107, 106, 105, 		110, 109, 108, 113, 112, 111, 		116, 115, 114, 119, 118, 117, 		122, 121, 120, 125, 124, 123, 		128, 127, 126, 131, 130, 129, 		134, 133, 132, 137, 136, 135, 		140, 139, 138, 143, 142, 141, 		146, 145, 144, 133, 147, 132, 		136, 148, 135, 139, 149, 138, 		152, 151, 150, 155, 154, 153, 		158, 157, 156, 161, 160, 159, 		164, 163, 162, 167, 166, 165, 		170, 169, 168, 173, 172, 171, 		176, 175, 174, 179, 178, 177
	]
}