{
    "data":{
        "index":{
            "array":[0,1,2,3,4,5,6,7,8,9,10,11,12,13,14,15,16,17,18,19,20,21,22,23,24,25,26,27,28,29,30,31,32,33,34,35,36,37,38,39,40,41,42,43,44,45,46,47,48,49,50,51,52,53,54,55,56,57,58,59,60,61,62,63,64,65,66,67,68,69,70,71,72,73,74,75,76,77,78,79,80,81,82,83],
            "itemSize":1,
            "type":"Uint16Array"
        },
        "attributes":{
            "position":{
                "array":[1,-1.95623e-08,-0.447533,-1,6.4157e-08,1.46774,-1,-1.95623e-08,-0.447534,-1,2,-1.87231,0.999999,2,0.12769,1,2,-1.87231,1,2,-1.87231,0.999999,1.54098,0.12769,1,1.54098,-1.87231,0.999999,2,0.12769,-1,1.54098,0.12769,0.999999,1.54098,0.12769,-1,2,0.12769,-1,1.54098,-1.87231,-1,1.54098,0.12769,1,-1.95623e-08,-0.447533,-1,0.471049,-0.447534,1,0.471049,-0.447533,1,1.54098,-1.87231,-1,2,-1.87231,1,2,-1.87231,-1,1.54098,0.12769,-1,0.471049,-0.447534,-1,0.471049,1.46774,0.999999,1.54098,0.12769,-1,0.471049,1.46774,1,0.471049,1.46774,1,0.471049,-0.447533,0.999999,1.54098,0.12769,1,0.471049,1.46774,1,0.471049,-0.447533,1,6.4157e-08,1.46774,1,-1.95623e-08,-0.447533,1,0.471049,1.46774,-1,6.4157e-08,1.46774,1,6.4157e-08,1.46774,-1,6.4157e-08,1.46774,-1,0.471049,-0.447534,-1,-1.95623e-08,-0.447534,1,1.54098,-1.87231,-1,0.471049,-0.447534,-1,1.54098,-1.87231,1,-1.95623e-08,-0.447533,1,6.4157e-08,1.46774,-1,6.4157e-08,1.46774,-1,2,-1.87231,-1,2,0.12769,0.999999,2,0.12769,1,2,-1.87231,0.999999,2,0.12769,0.999999,1.54098,0.12769,0.999999,2,0.12769,-1,2,0.12769,-1,1.54098,0.12769,-1,2,0.12769,-1,2,-1.87231,-1,1.54098,-1.87231,1,-1.95623e-08,-0.447533,-1,-1.95623e-08,-0.447534,-1,0.471049,-0.447534,1,1.54098,-1.87231,-1,1.54098,-1.87231,-1,2,-1.87231,-1,1.54098,0.12769,-1,1.54098,-1.87231,-1,0.471049,-0.447534,0.999999,1.54098,0.12769,-1,1.54098,0.12769,-1,0.471049,1.46774,1,0.471049,-0.447533,1,1.54098,-1.87231,0.999999,1.54098,0.12769,1,0.471049,-0.447533,1,0.471049,1.46774,1,6.4157e-08,1.46774,1,0.471049,1.46774,-1,0.471049,1.46774,-1,6.4157e-08,1.46774,-1,6.4157e-08,1.46774,-1,0.471049,1.46774,-1,0.471049,-0.447534,1,1.54098,-1.87231,1,0.471049,-0.447533,-1,0.471049,-0.447534],
                "itemSize":3,
                "type":"Float32Array"
            },
            "normal":{
                "array":[-3.70987e-15,-1,4.37114e-08,-3.70987e-15,-1,4.37114e-08,-3.70987e-15,-1,4.37114e-08,2.13163e-14,1,-5.96046e-08,2.13163e-14,1,-5.96046e-08,2.13163e-14,1,-5.96046e-08,1,-2.59706e-07,4.47035e-07,1,-2.59706e-07,4.47035e-07,1,-2.59706e-07,4.47035e-07,-3.8743e-07,-2.27243e-07,1,-3.8743e-07,-2.27243e-07,1,-3.8743e-07,-2.27243e-07,1,-1,-6.19187e-14,-2.38419e-07,-1,-6.19187e-14,-2.38419e-07,-1,-6.19187e-14,-2.38419e-07,2.08616e-07,1.89804e-07,-1,2.08616e-07,1.89804e-07,-1,2.08616e-07,1.89804e-07,-1,2.98023e-07,5.19412e-07,-1,2.98023e-07,5.19412e-07,-1,2.98023e-07,5.19412e-07,-1,-1,-4.62214e-07,-2.80086e-07,-1,-4.62214e-07,-2.80086e-07,-1,-4.62214e-07,-2.80086e-07,-7.43801e-08,0.781468,0.623946,-7.43801e-08,0.781468,0.623946,-7.43801e-08,0.781468,0.623946,1,5.45871e-07,1.24483e-07,1,5.45871e-07,1.24483e-07,1,5.45871e-07,1.24483e-07,1,-2.53072e-07,1.10621e-14,1,-2.53072e-07,1.10621e-14,1,-2.53072e-07,1.10621e-14,-1.19209e-07,0,1,-1.19209e-07,0,1,-1.19209e-07,0,1,-1,-1.26536e-07,-2.48965e-07,-1,-1.26536e-07,-2.48965e-07,-1,-1.26536e-07,-2.48965e-07,1.33809e-07,-0.799636,-0.600486,1.33809e-07,-0.799636,-0.600486,1.33809e-07,-0.799636,-0.600486,1.89462e-15,-1,4.37114e-08,1.89462e-15,-1,4.37114e-08,1.89462e-15,-1,4.37114e-08,2.84217e-14,1,-5.96047e-08,2.84217e-14,1,-5.96047e-08,2.84217e-14,1,-5.96047e-08,1,2.59706e-07,5.66244e-07,1,2.59706e-07,5.66244e-07,1,2.59706e-07,5.66244e-07,-4.76837e-07,1.62316e-07,1,-4.76837e-07,1.62316e-07,1,-4.76837e-07,1.62316e-07,1,-1,-1.29853e-07,-2.08616e-07,-1,-1.29853e-07,-2.08616e-07,-1,-1.29853e-07,-2.08616e-07,2.08616e-07,1.89804e-07,-1,2.08616e-07,1.89804e-07,-1,2.08616e-07,1.89804e-07,-1,2.38419e-07,2.59706e-07,-1,2.38419e-07,2.59706e-07,-1,2.38419e-07,2.59706e-07,-1,-1,-4.84616e-07,-2.38419e-07,-1,-4.84616e-07,-2.38419e-07,-1,-4.84616e-07,-2.38419e-07,-2.41735e-07,0.781468,0.623946,-2.41735e-07,0.781468,0.623946,-2.41735e-07,0.781468,0.623946,1,3.72458e-07,4.47035e-07,1,3.72458e-07,4.47035e-07,1,3.72458e-07,4.47035e-07,1,2.53072e-07,1.24483e-07,1,2.53072e-07,1.24483e-07,1,2.53072e-07,1.24483e-07,-1.19209e-07,-3.01685e-14,1,-1.19209e-07,-3.01685e-14,1,-1.19209e-07,-3.01685e-14,1,-1,-2.53072e-07,-2.80086e-07,-1,-2.53072e-07,-2.80086e-07,-1,-2.53072e-07,-2.80086e-07,1.25271e-07,-0.799636,-0.600486,1.25271e-07,-0.799636,-0.600486,1.25271e-07,-0.799636,-0.600486],
                "itemSize":3,
                "type":"Float32Array"
            }
        }
    },
    "metadata":{
        "generator":"io_three",
        "version":3,
        "position":84,
        "type":"BufferGeometry",
        "normal":84
    }
}